{
    "Pneumonia": {
        "auc": 0.9994931026804027,
        "precision": 0.8360655737704918,
        "recall": 1.0
    },
    "Tuberculosis": {
        "auc": 1.0,
        "precision": 0.9946236559139785,
        "recall": 1.0
    },
    "COVID-19": {
        "auc": 0.9909459445515733,
        "precision": 0.767203513909224,
        "recall": 0.9544626593806922
    },
    "Lung Opacity": {
        "auc": 0.970576246154456,
        "precision": 0.7941176470588235,
        "recall": 0.9087947882736156
    }
}