{
    "Pneumonia": {
        "auc": 0.9956591423180151,
        "precision": 0.3322475570032573,
        "recall": 1.0
    },
    "Tuberculosis": {
        "auc": 0.9997654258031616,
        "precision": 0.8545034642032333,
        "recall": 1.0
    },
    "COVID-19": {
        "auc": 0.9343227424495417,
        "precision": 0.4210963455149502,
        "recall": 0.9234972677595629
    },
    "Lung Opacity": {
        "auc": 0.9383486370388909,
        "precision": 0.7749445676274944,
        "recall": 0.758957654723127
    }
}