{
  "coverage": 0.7815764482431149,
  "abstention_rate": 0.2184235517568851,
  "accuracy": 0.9635479951397327,
  "macro_precision": 0.9561100430212585,
  "macro_recall": 0.9554952594054631,
  "macro_f1": 0.9556762633491975,
  "per_class": {
    "Normal": {
      "precision": 0.9925093632958801,
      "recall": 0.9925093632958801,
      "f1": 0.9925093632958801
    },
    "Glioma": {
      "precision": 0.9623655913978495,
      "recall": 0.927461139896373,
      "f1": 0.9445910290237467
    },
    "Meningioma": {
      "precision": 0.9,
      "recall": 0.9064748201438849,
      "f1": 0.9032258064516129
    },
    "Pituitary": {
      "precision": 0.9695652173913043,
      "recall": 0.9955357142857143,
      "f1": 0.9823788546255506
    }
  },
  "confusion_matrix": [
    [
      265,
      1,
      1,
      0
    ],
    [
      0,
      179,
      12,
      2
    ],
    [
      2,
      6,
      126,
      5
    ],
    [
      0,
      0,
      1,
      223
    ]
  ]
}